dataset,crop,field,source,source_url,accessed_date,notes
crops,Groundnut,soil_type,Government of Tamil Nadu/TNAU,https://tnagriculture.in/dashboard/CPG/05_Groundnut.pdf,2026-08-20,"Soil series used in fertilizer/nutrient recommendation tables: Red sandy loam (Irugur series), Red sandy clay loam (Somayanur series), Low level Laterite; normalized to red;sandy;loamy"
crops,Groundnut,water_requirement,Government of Tamil Nadu/TNAU,https://tnagriculture.in/dashboard/CPG/05_Groundnut.pdf,2026-08-20,"Climate requirement table: rainfall 500-700 mm; irrigation scheduled at 0.40-0.60 IW/CPE ratio; classified as moderate relative to other TN field crops"
crops,Groundnut,season,Government of Tamil Nadu/TNAU,https://tnagriculture.in/dashboard/CPG/05_Groundnut.pdf,2026-08-20,"Grown in 3 seasons across TN zones under local names; Anippattam (June-July, rainfed) is most widespread, selected as kharif for MVP; Margazhipattam (Dec-Jan, rabi/irrigated) also widely grown; dataset uses multi-season convention"
crops,Groundnut,duration_days,Government of Tamil Nadu/TNAU,https://tnagriculture.in/dashboard/CPG/05_Groundnut.pdf,2026-08-20,"CO 7 variety (suitable for both rainfed and irrigated, released 2013): duration 100-105 days; midpoint 103 used. Conflicting figure (85-90 days) found on a separate TNAU variety subpage appeared to be a table-parsing/layout error and was not used."
crops,Groundnut,estimated_cost,TNAU Agritech Portal (orig. Directorate of Economics & Statistics GoI),http://www.agritech.tnau.ac.in/agriculture/agri_costofcultivation_groundnut2012.html,2026-08-20,"Original cost: Rs.82256/ha (Total Cost, operational+fixed), data year 2020-2021, page updated Feb 2023; converted to 33288 INR/acre (82256/2.47105); historical figure, not current 2026 cost"
crops,Groundnut,expected_yield,TNAU Agritech Portal (orig. Directorate of Economics & Statistics GoI),http://www.agritech.tnau.ac.in/agriculture/agri_costofcultivation_groundnut2012.html,2026-08-20,"Original yield: 13.49 qtl/ha (1349 kg/ha) main product, state-wide farm-survey average, data year 2020-2021; converted to 546 kg/acre (1349/2.47105). Note: CO7 variety-trial yields much higher (Rainfed 2300 kg/ha=931 kg/acre; Irrigated 2806 kg/ha=1135 kg/acre) per https://tnagriculture.in/dashboard/CPG/05_Groundnut.pdf, but farm-survey figure chosen as more realistic for MVP"
crops,Black Gram,soil_type,Government of Tamil Nadu/TNAU,https://tnagriculture.in/dashboard/CPG/04_Blackgram.pdf,2026-08-20,"Fertilizer ready-reckoner references one soil series: Mixed black calcareous (Perianackenpalayam series); normalized to black. TNAU Systems of Cultivation page (Irrigated) additionally states well-drained soil is preferred, texture unspecified."
crops,Black Gram,water_requirement,Government of Tamil Nadu/TNAU,https://tnagriculture.in/dashboard/CPG/04_Blackgram.pdf,2026-08-20,"Climate requirement table: rainfall 400-600 mm; irrigation at 7-10 day intervals where used, critical at flowering/pod formation; classified as low relative to other TN field crops"
crops,Black Gram,season,Government of Tamil Nadu/TNAU,https://tnagriculture.in/dashboard/CPG/04_Blackgram.pdf,2026-08-20,"Three season types confirmed: Adipattam (June-Aug) and Purattasipattam (Sep-Nov) = kharif (rainfed, most districts); Margazhi-Thaipattam (Dec-Jan, Winter Irrigated) and Rice fallows (Jan) = rabi; Chithiraipattam (Summer Irrigated) = zaid"
crops,Black Gram,duration_days,Government of Tamil Nadu/TNAU,https://tnagriculture.in/dashboard/CPG/04_Blackgram.pdf,2026-08-20,"VBN 6 and VBN 8 varieties (most widely grown, nearly all districts, multiple seasons): duration 65-70 days each; representative value 68 used. Other varieties range 60-75 days depending on cultivar."
crops,Black Gram,estimated_cost,TNAU Agritech Portal (orig. Directorate of Economics & Statistics GoI),https://agritech.tnau.ac.in/agriculture/agri_costofcultivation_blackgram2012.html,2026-08-20,"Original cost: Rs.41556/ha (Total Cost, operational+fixed), data year 2020-2021, page updated Feb 2023; converted to 16817 INR/acre (41556/2.47105); historical figure, not current 2026 cost"
crops,Black Gram,expected_yield,TNAU Agritech Portal (orig. Directorate of Economics & Statistics GoI),https://agritech.tnau.ac.in/agriculture/agri_costofcultivation_blackgram2012.html,2026-08-20,"Original yield: 5.57 qtl/ha (557 kg/ha) main product, state-wide farm-survey average, data year 2020-2021; converted to 225 kg/acre (557/2.47105). Note: VBN6/VBN8 variety-trial yields higher (Rainfed 850-988 kg/ha=344-400 kg/acre; Irrigated 871-890 kg/ha=352-360 kg/acre) per https://tnagriculture.in/dashboard/CPG/04_Blackgram.pdf, but farm-survey figure chosen as more realistic for MVP"
crops,Green Gram,soil_type,Government of Tamil Nadu/TNAU,https://tnagriculture.in/dashboard/CPG/04_Greengram.pdf,2026-08-20,"Fertilizer ready-reckoner references one soil series: Red sandy loam (Irugur series); normalized to red;sandy;loamy"
crops,Green Gram,water_requirement,Government of Tamil Nadu/TNAU,https://tnagriculture.in/dashboard/CPG/04_Greengram.pdf,2026-08-20,"Climate requirement table: rainfall 600-800 mm, well-distributed rainfall needed, drought tolerant; irrigation at 7-10 day intervals where used, critical at flowering/pod formation; classified as moderate"
crops,Green Gram,season,Government of Tamil Nadu/TNAU,https://tnagriculture.in/dashboard/CPG/04_Greengram.pdf,2026-08-20,"Five sub-season sowing windows confirmed: Adipattam (June-July) and Purattasipattam (Sep-Oct) = kharif (rainfed, most districts); Margazhi-Thaipattam (Dec-Jan) and Rice fallows (Jan-Feb) = rabi; Summer (Feb-March) = zaid"
crops,Green Gram,duration_days,Government of Tamil Nadu/TNAU,https://tnagriculture.in/dashboard/CPG/04_Greengram.pdf,2026-08-20,"CO(Gg) 7 variety (broadest seasonal coverage - grown in Adipattam, Purattasipattam, Margazhi-Thaipattam and Summer): duration 60-65 days; representative value 63 used. Other varieties range 55-75 days depending on cultivar."
crops,Green Gram,estimated_cost,TNAU Agritech Portal (orig. Directorate of Economics & Statistics GoI),https://agritech.tnau.ac.in/agriculture/agri_costofcultivation_greengram2012.html,2026-08-20,"Original cost: Rs.28522/ha (Total Cost, operational+fixed), data year 2020-2021, page updated Feb 2023; converted to 11542 INR/acre (28522/2.47105); historical figure, not current 2026 cost"
crops,Green Gram,expected_yield,TNAU Agritech Portal (orig. Directorate of Economics & Statistics GoI),https://agritech.tnau.ac.in/agriculture/agri_costofcultivation_greengram2012.html,2026-08-20,"Original yield: 3.52 qtl/ha (352 kg/ha) main product, state-wide farm-survey average, data year 2020-2021; converted to 142 kg/acre (352/2.47105). Note: CO(Gg)7 variety-trial rainfed yield higher (980 kg/ha=397 kg/acre) per https://tnagriculture.in/dashboard/CPG/04_Greengram.pdf, but farm-survey figure chosen as more realistic for MVP"
crops,Sesame,soil_type,Government of Tamil Nadu/TNAU,https://tnagriculture.in/dashboard/CPG/05_Sesame.pdf,2026-08-20,"Fertilizer ready-reckoner references one soil series: Black alluvium (Adanur series); normalized to black;alluvial"
crops,Sesame,water_requirement,Government of Tamil Nadu/TNAU,https://tnagriculture.in/dashboard/CPG/05_Sesame.pdf,2026-08-20,"Climate requirement table: rainfall 450-500 mm; irrigation critical only at flowering (35-45 DAS), stopped after 65 DAS; classified as low"
crops,Sesame,season,Government of Tamil Nadu/TNAU,https://tnagriculture.in/dashboard/CPG/05_Sesame.pdf,2026-08-20,"Grown across all zones in three season types: Anippattam/Adippattam/Purattasipattam (June-Oct) = kharif rainfed; Karthigaipattam/Margazhipattam/Thaippattam (Nov-Feb) = rabi irrigated; Masipattam/Chithiraipattam (Feb-May) = zaid summer irrigated. Separate irrigated and rainfed variety lists confirm all three season types are genuinely practiced."
crops,Sesame,duration_days,Government of Tamil Nadu/TNAU,https://tnagriculture.in/dashboard/CPG/05_Sesame.pdf,2026-08-20,"TMV 7 variety (most widely grown, appears in nearly all zone/season combinations): duration 80-85 days; representative value 83 used. VRI(Sv)2 also 80-85 days; VRI 3 shorter at 75-80 days."
crops,Sesame,estimated_cost,TNAU Agritech Portal (orig. Directorate of Economics & Statistics GoI),https://agritech.tnau.ac.in/agriculture/agri_costofcultivation_gingelly2012.html,2026-08-20,"Original cost: Rs.60037/ha (Total Cost, operational+fixed), data year 2020-2021, page updated Feb 2023; converted to 24296 INR/acre (60037/2.47105); historical figure, not current 2026 cost"
crops,Sesame,expected_yield,TNAU Agritech Portal (orig. Directorate of Economics & Statistics GoI),https://agritech.tnau.ac.in/agriculture/agri_costofcultivation_gingelly2012.html,2026-08-20,"Original yield: 6.83 qtl/ha (683 kg/ha) main product, state-wide farm-survey average, data year 2020-2021; converted to 276 kg/acre (683/2.47105). Note: TMV7 variety-trial yields higher (Rainfed 850 kg/ha=344 kg/acre; Irrigated 920 kg/ha=372 kg/acre) per https://tnagriculture.in/dashboard/CPG/05_Sesame.pdf, but farm-survey figure chosen as more realistic for MVP"
crops,Rice,soil_type,Government of Tamil Nadu/TNAU,https://tnagriculture.in/dashboard/CPG/01_Rice.pdf,2026-08-20,"Fertilizer ready-reckoner (14 sub-tables) documents multiple soil series: River alluvium (Noyyal, Manakkarai, Ambasamudram series), Red sandy loam (Irugur series), Black alluvium (Adanur, Kalathur series), Red non-calcareous (Vannapatti series); normalized to alluvial;red;black;loamy"
crops,Rice,water_requirement,Government of Tamil Nadu/TNAU,https://tnagriculture.in/dashboard/CPG/01_Rice.pdf,2026-08-20,"Climate requirement table: rainfall 1000-4500 mm; traditional transplanted rice needs 1200-1400mm total water; even water-saving aerobic rice method needs 650mm; classified as high"
crops,Rice,season,Government of Tamil Nadu/TNAU,https://tnagriculture.in/dashboard/CPG/01_Rice.pdf,2026-08-20,"Three season types confirmed across all zones: Kuruvai/Samba/Thaladi (June-Oct) = kharif; Navarai (Dec-Jan) = rabi; Sornavari/Kar (Apr-June) = zaid"
crops,Rice,duration_days,Government of Tamil Nadu/TNAU,https://tnagriculture.in/dashboard/CPG/01_Rice.pdf,2026-08-20,"CO 51 variety (most frequently recommended across zones and seasons): duration 105-110 days; representative value 108 used. Varieties overall span short (94-120 days), medium (120-140 days), and long (149-165 days) duration categories."
crops,Rice,estimated_cost,TNAU Agritech Portal (orig. Directorate of Economics & Statistics GoI),https://agritech.tnau.ac.in/agriculture/agri_costofcultivation_rice.html,2026-08-20,"Original cost: Rs.86071/ha (Total Cost, operational+fixed), data year 2020-2021; converted to 34832 INR/acre (86071/2.47105); historical figure, not current 2026 cost"
crops,Rice,expected_yield,TNAU Agritech Portal (orig. Directorate of Economics & Statistics GoI),https://agritech.tnau.ac.in/agriculture/agri_costofcultivation_rice.html,2026-08-20,"Original yield: 45.91 qtl/ha (4591 kg/ha) main product, state-wide farm-survey average, data year 2020-2021; converted to 1858 kg/acre (4591/2.47105). Note: CO51 variety-trial yield higher (6641 kg/ha=2688 kg/acre) per https://tnagriculture.in/dashboard/CPG/01_Rice.pdf, but farm-survey figure chosen as more realistic for MVP"